name	cache_flavor	cache115	cache116	vepyr_kwargs	vep_flags	gt115	gt116
everything	ensembl	115_GRCh38_ensembl	116_GRCh38_ensembl	"{""everything"": true}"	vep --assembly GRCh38 --cache --database 0 --dir_plugins /plugins --everything --force_overwrite --input_file [PATH]/HG002_normalized.vcf --no_stats --offline --output_file [PATH]/HG002_annotated_wgs_everything.vcf --vcf	HG002_annotated_wgs_everything.vcf	everything.vcf
everything_hgvs	ensembl	115_GRCh38_ensembl	116_GRCh38_ensembl	"{""everything"": true, ""hgvs"": true}"	vep --assembly GRCh38 --cache --database 0 --dir_plugins /plugins --everything --fasta [PATH]/Homo_sapiens.GRCh38.dna.primary_assembly.fa --force_overwrite --hgvs --input_file [PATH]/HG002_normalized.vcf --no_stats --offline --output_file [PATH]/HG002_annotated_wgs_everything_hgvs.vcf --vcf	HG002_annotated_wgs_everything_hgvs.vcf	everything_hgvs.vcf
hgvs_merged	merged	115_GRCh38_merged	116_GRCh38_merged	"{""everything"": true, ""hgvs"": true}"	vep --assembly GRCh38 --cache --database 0 --dir_plugins /plugins --everything --fasta [PATH]/Homo_sapiens.GRCh38.dna.primary_assembly.fa --force_overwrite --hgvs --input_file [PATH]/HG002_normalized.vcf --merged --no_stats --offline --output_file [PATH]/HG002_annotated_wgs_everything_hgvs_merged.vcf --vcf	HG002_annotated_wgs_everything_hgvs_merged.vcf	hgvs_merged.vcf
hgvs_merged_am	merged	115_GRCh38_merged	116_GRCh38_merged	"{""everything"": true, ""hgvs"": true, ""plugin_cache_root"": ""@PLUGIN@""}"	vep --assembly GRCh38 --cache --database 0 --dir_plugins /plugins --everything --fasta [PATH]/Homo_sapiens.GRCh38.dna.primary_assembly.fa --force_overwrite --hgvs --input_file [PATH]/HG002_normalized.vcf --merged --no_stats --offline --output_file [PATH]/HG002_annotated_wgs_everything_hgvs_merged_am.vcf --plugin AlphaMissense,file=[PATH]/AlphaMissense_hg38.bgz.tsv.gz --vcf	HG002_annotated_wgs_everything_hgvs_merged_am.vcf	hgvs_merged_am.vcf
hgvs_merged_pick	merged	115_GRCh38_merged	116_GRCh38_merged	"{""everything"": true, ""flag_pick_allele_gene"": true, ""hgvs"": true, ""pick_order"": ""biotype,rank,mane_select,tsl,canonical,appris,ccds,length""}"	vep --assembly GRCh38 --cache --database 0 --dir_plugins /plugins --everything --fasta [PATH]/Homo_sapiens.GRCh38.dna.primary_assembly.fa --flag_pick_allele_gene --force_overwrite --hgvs --input_file [PATH]/HG002_normalized.vcf --merged --no_stats --offline --output_file [PATH]/HG002_annotated_wgs_everything_hgvs_merged_pick.vcf --pick_order biotype,rank,mane_select,tsl,canonical,appris,ccds,length --vcf	HG002_annotated_wgs_everything_hgvs_merged_pick.vcf	hgvs_merged_pick.vcf
hgvs_merged_pick_allele	merged	115_GRCh38_merged	116_GRCh38_merged	"{""everything"": true, ""hgvs"": true, ""pick_allele"": true, ""pick_order"": ""biotype,rank,mane_select,tsl,canonical,appris,ccds,length""}"	vep --assembly GRCh38 --cache --database 0 --dir_plugins /plugins --everything --fasta [PATH]/Homo_sapiens.GRCh38.dna.primary_assembly.fa --force_overwrite --hgvs --input_file [PATH]/HG002_normalized.vcf --merged --no_stats --offline --output_file [PATH]/HG002_annotated_wgs_everything_hgvs_merged_pick_allele.vcf --pick_allele --pick_order biotype,rank,mane_select,tsl,canonical,appris,ccds,length --vcf	HG002_annotated_wgs_everything_hgvs_merged_pick_allele.vcf	hgvs_merged_pick_allele.vcf
hgvs_merged_pick_allele_gene	merged	115_GRCh38_merged	116_GRCh38_merged	"{""everything"": true, ""hgvs"": true, ""pick_allele_gene"": true, ""pick_order"": ""biotype,rank,mane_select,tsl,canonical,appris,ccds,length""}"	vep --assembly GRCh38 --cache --database 0 --dir_plugins /plugins --everything --fasta [PATH]/Homo_sapiens.GRCh38.dna.primary_assembly.fa --force_overwrite --hgvs --input_file [PATH]/HG002_normalized.vcf --merged --no_stats --offline --output_file [PATH]/HG002_annotated_wgs_everything_hgvs_merged_pick_allele_gene.vcf --pick_allele_gene --pick_order biotype,rank,mane_select,tsl,canonical,appris,ccds,length --vcf	HG002_annotated_wgs_everything_hgvs_merged_pick_allele_gene.vcf	hgvs_merged_pick_allele_gene.vcf
hgvs_merged_per_gene	merged	115_GRCh38_merged	116_GRCh38_merged	"{""everything"": true, ""hgvs"": true, ""per_gene"": true, ""pick_order"": ""biotype,rank,mane_select,tsl,canonical,appris,ccds,length""}"	vep --assembly GRCh38 --cache --database 0 --dir_plugins /plugins --everything --fasta [PATH]/Homo_sapiens.GRCh38.dna.primary_assembly.fa --force_overwrite --hgvs --input_file [PATH]/HG002_normalized.vcf --merged --no_stats --offline --output_file [PATH]/HG002_annotated_wgs_everything_hgvs_merged_per_gene.vcf --per_gene --pick_order biotype,rank,mane_select,tsl,canonical,appris,ccds,length --vcf	HG002_annotated_wgs_everything_hgvs_merged_per_gene.vcf	hgvs_merged_per_gene.vcf
hgvs_merged_flag_pick_allele	merged	115_GRCh38_merged	116_GRCh38_merged	"{""everything"": true, ""flag_pick_allele"": true, ""hgvs"": true, ""pick_order"": ""biotype,rank,mane_select,tsl,canonical,appris,ccds,length""}"	vep --assembly GRCh38 --cache --database 0 --dir_plugins /plugins --everything --fasta [PATH]/Homo_sapiens.GRCh38.dna.primary_assembly.fa --flag_pick_allele --force_overwrite --hgvs --input_file [PATH]/HG002_normalized.vcf --merged --no_stats --offline --output_file [PATH]/HG002_annotated_wgs_everything_hgvs_merged_flag_pick_allele.vcf --pick_order biotype,rank,mane_select,tsl,canonical,appris,ccds,length --vcf	HG002_annotated_wgs_everything_hgvs_merged_flag_pick_allele.vcf	hgvs_merged_flag_pick_allele.vcf
hgvs_refseq	refseq	115_GRCh38_refseq	116_GRCh38_refseq	"{""everything"": true, ""hgvs"": true}"	vep --assembly GRCh38 --cache --database 0 --dir_plugins /plugins --everything --fasta [PATH]/Homo_sapiens.GRCh38.dna.primary_assembly.fa --force_overwrite --hgvs --input_file [PATH]/HG002_normalized.vcf --no_stats --offline --output_file [PATH]/HG002_annotated_wgs_everything_hgvs_refseq.vcf --refseq --vcf	HG002_annotated_wgs_everything_hgvs_refseq.vcf	hgvs_refseq.vcf
